,song_title,artist_name,ids
0,The Hits--Chapter One,Backstreet Boys,1NslKOZobWxINFaFkLol3r
1,I Wish You Love: More From The Bodyguard,Whitney Houston,3qEUTNGTeDXwYwSl3v2hNV
2,Come On Over,Shania Twain,1Xq7GtFHmTt110bmxQrtC4
3,No Strings Attached,*NSYNC,5hMd4vAfSUT1cbYCnRUako
4,It's A Man's World,Cher,2PnxssdlO80Mt9ipZnu7MF
5,Spiceworld,Spice Girls,3sr6lAuO3nmB1u8ZuQgpiX
6,Stop The Clocks,Oasis,1f4I0SpE0O8yg4Eg2ywwv1
7,The New Best Of (All Hits & Remixes) 2016,Backstreet Boys,39gSR80KryAcX955TARfGg
8,Dizzy Up The Girl,The Goo Goo Dolls,4UMjBXcRqIgMZ1XumU2x5T
9,Believe,Cher,0jZfbz0dNfDjPSg0hYJNth
10,Spice,Spice Girls,3x2jF7blR6bFHtk4MccsyJ
11,Greatest Hits,Sixpence None The Richer,3URghLWYuHoUwnzvfNnNn5
12,The Essential Michael Jackson,Michael Jackson,77dNyQA0z8dV33M4so4eRY
13,Fanmail,TLC,1CvjjpvqVMoyprsf74bpYW
14,Cracked Rear View,Hootie & The Blowfish,5AYmpTfdv1OoASUJ5rZB7K
15,The Best Of Big Mountain,Big Mountain,4QHFXQLRwZx5122InHluo5
16,Tal Bachman,Tal Bachman,3v17hBg9lx5vdJQ8Dfr6OD
17,A Different Beat,Boyzone,6v6BH1znvQFCn3GBsyqVBj
18,Home,Deep Blue Something,0f3MAWN7G0RtC7UT6lj6x9
19,Wilson Phillips,Wilson Phillips,1Xi55xFMaymXdSWshmxhw2
20,(What's the Story) Morning Glory,Oasis,5NCJ52G67LVp5elc367Sjs
21,Glorious: The Singles 97-07,Natalie Imbruglia,5snQakFpbHsJmrAvhgeuHX
22,I'll Be There For You (Theme From FRIENDS) / Snippets: Don't Hide Your Love / End Of The Beginning / Lovin' Me Insane / Drowning In Your Tears / This House Is Not A Home / What Will It Take [Digital 45],The Rembrandts,4CO85kzQhLUTWkVBoQ4OKu
23,Yourself Or Someone Like You,Matchbox Twenty,4vUXTcKz7tXxrNl84meN6i
24,Jagged Little Pill,Alanis Morissette,09AwlP99cHfKVNKv4FC8VW
25,The Writing's On The Wall,Destiny's Child,78r5vrR1Wf60JPgFQ1drwr
26,Diva,Annie Lennox,33ImEB9taJ3Tie4APfTL7B
27,The La's,The La's,1djwiQ802xeU8Q45jv1b0x
28,Guilty Pleasures (International Version),Hanson,2F3jGeVC9Oua9omnR6Uoi8
29,Savage Garden,Savage Garden,73I6LRyJDx4scO2zlMqR8m
30,...Baby One More Time (Digital Deluxe Version),Britney Spears,3WNxdumkSMGMJRhEgK80qx
31,Now In A Minute,Donna Lewis,1VzYTrtId9CgUTo7VQBFbL
32,The Hits,Faith Hill,7fvl3dOnDrv9rq5IBmLbAa
33,All-4-One,All-4-One,4L5ZA0GukWNWjsk9b7HHDy
34,Armageddon - The Album,Aerosmith,4f7HKjBnjpMsDBDTHYV890
35,"Everybody Else Is Doing It, So Why Can't We?",The Cranberries,0AP5O47kJWlaKVnnybKvQI
36,Daydream,Mariah Carey,1ibYM4abQtSVQFQWvDSo4J
37,Astro Lounge,Smash Mouth,2kyTLcEZe6nc1s6ve0zW9P
38,Christina Aguilera (Expanded Edition),Christina Aguilera,6fpPZS13ImRVpr7Tqs6yP9
39,Nobody Else,Take That,5QnHvl0ne6yEhRGw3ajvFF
40,Falling Into You,Céline Dion,55UPmpHLvZKGgTPUD1woES
41,Life Thru A Lens,Robbie Williams,31Sx9uz9KqlvmX07Pvp0wN
42,SNAP! The Power Greatest Hits,SNAP!,3SxQyJ7t7NVkUrJYh0TZqi
43,Deep Cuts: The Best Of The Ballads,Mr. Big,0DYLNt604AgwFMQhK3HNLR
44,Listen Without Prejudice / MTV Unplugged (Deluxe),George Michael,0ZeOyoJHPD6czbTPAT9Qaj
45,Heart In Motion,Amy Grant,6YbWlg2x8aIHASDTunWF8H
46,16 Biggest Hits,Lonestar,2JZvVC4RftWDbyhEFfpATZ
47,Truly Madly Completely - The Best of Savage Garden,Savage Garden,5S4ycMpNlcTpLaO7u6mkkb
48,Maybe You've Been Brainwashed Too,New Radicals,13btXEnBerpA1UjIVtsMAR
49,#1 to Infinity,Mariah Carey,3FSCbVL6dGzqkHwn7LYqxK
50,Crazysexycool,TLC,5eg56dCpFn32neJak2vk0f
51,Greatest Hits!,Vengaboys,5t02mTYT9ks9sOC1ihea4a
52,Love Always,K-Ci & JoJo,5cmtcMzuUZq8vxS5T7NVPu
53,Greatest Hits,The Cure,205LG0IrbaOolKboMwffiV
54,The Velvet Rope,Janet Jackson,6ZANEjETQ9L9pjBuvOAhCQ
55,Platinum And Gold,Ace of Base,3byIaI0I4GvEqhhlYoR0Wf
56,August And Everything After,Counting Crows,4nKfZbCALT9H9LfedtDwnZ
57,Stars Collectors Edition,Simply Red,2WOo1KEogmN7MdDMjVCusC
58,Cooleyhighharmony (Bonus Tracks Version),Boyz II Men,3jknvlUSe6D9Oyn2E3JBLO
59,Waking Up The Neighbours,Bryan Adams,6Rk2VghhfqeYrgKxS21eBh
60,Dangerous,Michael Jackson,0oX4SealMgNXrvRDhqqOKg
61,Mr. Vain,Culture Beat,0eVj6uUqoagjDPSOmz2rRj
62,Blurring The Edges,Meredith Brooks,56viTB3cu7FbFwAWDctRz1
63,"Bigger, Better, Faster, More !",4 Non Blondes,7oqXnxR9Xg9Okhs17hL9aS
64,Step By Step,New Kids On The Block,4dCdnfD0shXGuHtyTOtx8q
65,Ladies And Gentlemen... The Best Of George Michael,George Michael,3coLNlyStg9h7f8CZ103Rl
66,Keep The Faith,Bon Jovi,2FbviTPUjgJJUxsGM1sGDq
67,Feeling Strangely Fine,Semisonic,7c6A82iJXXYlZq2huhkU3E
68,Find Your Way,Gabrielle,3G14jXmb8ul7FmkRnPZooj
69,Extreme II - Pornograffitti,Extreme,7DKHQxJTI32UyCdDdGwvRC
70,It Must Have Been Love,Roxette,3dWX1xFUaalRlaaVpe4EPF
71,The Long Road Back,Peter Andre,5SzHkxYKPIK4LcGaJrgnNU
72,Music Box,Mariah Carey,2NKxb7pk04CuZab5udkGUl
73,The Colour Of My Love,Céline Dion,6Po5zdKMIH5Xk99vjXyQpC
74,Woodface,Crowded House,1QSoW668F9DVj8Rk9azF7h
75,Sixpence None the Richer,Sixpence None The Richer,0PrcwzkQVEy4y6JPvT5bix
76,Bat Out Of Hell II: Back Into Hell,Meat Loaf,2frbTcZJoMRuAbeXpuOx0Z
77,Where We Belong,Boyzone,0tjhK9DQNlv4WdqBSb3Iri
78,Unplugged,Eric Clapton,1GQCluFc8ODQis5kvcDVKF
79,The Best Of 1980 - 1990,U2,63H9TkIAOEmgFAIlhLcBHb
80,Promises And Lies,UB40,0B0RuH2PSWoEkIvi75xY5d
