,song_title,artist_name,ids
0,The Hits--Chapter One,Backstreet Boys,1NslKOZobWxINFaFkLol3r
1,I Wish You Love: More From The Bodyguard,Whitney Houston,3qEUTNGTeDXwYwSl3v2hNV
2,(What's The Story) Morning Glory? (Deluxe Edition) [Remastered],Oasis,6ozp33PI3p9AdddB6ZL3xQ
3,Come On Over,Shania Twain,1Xq7GtFHmTt110bmxQrtC4
4,Believe,Cher,0jZfbz0dNfDjPSg0hYJNth
5,Spice,Spice Girls,3x2jF7blR6bFHtk4MccsyJ
6,Backstreet's Back,Backstreet Boys,2U9ONknz1iFEK9drEKLx8v
7,No Strings Attached,*NSYNC,5hMd4vAfSUT1cbYCnRUako
8,A Different Beat,Boyzone,6v6BH1znvQFCn3GBsyqVBj
9,It's A Man's World,Cher,2PnxssdlO80Mt9ipZnu7MF
10,Spiceworld,Spice Girls,3sr6lAuO3nmB1u8ZuQgpiX
11,The Best Of Big Mountain,Big Mountain,4QHFXQLRwZx5122InHluo5
12,Greatest Hits,Sixpence None The Richer,3URghLWYuHoUwnzvfNnNn5
13,(What's the Story) Morning Glory,Oasis,5NCJ52G67LVp5elc367Sjs
14,Fanmail,TLC,1CvjjpvqVMoyprsf74bpYW
15,Dizzy Up The Girl,The Goo Goo Dolls,4UMjBXcRqIgMZ1XumU2x5T
16,I'll Be There For You (Theme From FRIENDS) / Snippets: Don't Hide Your Love / End Of The Beginning / Lovin' Me Insane / Drowning In Your Tears / This House Is Not A Home / What Will It Take [Digital 45],The Rembrandts,4CO85kzQhLUTWkVBoQ4OKu
17,The Writing's On The Wall,Destiny's Child,78r5vrR1Wf60JPgFQ1drwr
18,Glorious: The Singles 97-07,Natalie Imbruglia,5snQakFpbHsJmrAvhgeuHX
19,Home,Deep Blue Something,0f3MAWN7G0RtC7UT6lj6x9
20,The New Best Of (All Hits & Remixes) 2016,Backstreet Boys,39gSR80KryAcX955TARfGg
21,The La's,The La's,1djwiQ802xeU8Q45jv1b0x
22,Yourself Or Someone Like You,Matchbox Twenty,4vUXTcKz7tXxrNl84meN6i
23,Wilson Phillips,Wilson Phillips,1Xi55xFMaymXdSWshmxhw2
24,Jagged Little Pill,Alanis Morissette,09AwlP99cHfKVNKv4FC8VW
25,The Hits,Faith Hill,7fvl3dOnDrv9rq5IBmLbAa
26,SNAP! The Power Greatest Hits,SNAP!,3SxQyJ7t7NVkUrJYh0TZqi
27,Savage Garden,Savage Garden,73I6LRyJDx4scO2zlMqR8m
28,Diva,Annie Lennox,33ImEB9taJ3Tie4APfTL7B
29,Guilty Pleasures (International Version),Hanson,2F3jGeVC9Oua9omnR6Uoi8
30,Armageddon - The Album,Aerosmith,4f7HKjBnjpMsDBDTHYV890
31,...Baby One More Time (Digital Deluxe Version),Britney Spears,3WNxdumkSMGMJRhEgK80qx
32,Tal Bachman,Tal Bachman,3v17hBg9lx5vdJQ8Dfr6OD
33,Astro Lounge,Smash Mouth,2kyTLcEZe6nc1s6ve0zW9P
34,Greatest Hits!,Vengaboys,5t02mTYT9ks9sOC1ihea4a
35,Nobody Else,Take That,5QnHvl0ne6yEhRGw3ajvFF
36,All-4-One,All-4-One,4L5ZA0GukWNWjsk9b7HHDy
37,Cracked Rear View,Hootie & The Blowfish,5AYmpTfdv1OoASUJ5rZB7K
38,Now In A Minute,Donna Lewis,1VzYTrtId9CgUTo7VQBFbL
39,Life Thru A Lens,Robbie Williams,31Sx9uz9KqlvmX07Pvp0wN
40,"Everybody Else Is Doing It, So Why Can't We?",The Cranberries,0AP5O47kJWlaKVnnybKvQI
41,Deep Cuts: The Best Of The Ballads,Mr. Big,0DYLNt604AgwFMQhK3HNLR
42,Mr. Vain,Culture Beat,0eVj6uUqoagjDPSOmz2rRj
43,Find Your Way,Gabrielle,3G14jXmb8ul7FmkRnPZooj
44,It's My Life,Sash!,2YBkamwn6VqpPO2wOfDVjS
45,Waking Up The Neighbours,Bryan Adams,6Rk2VghhfqeYrgKxS21eBh
46,Christina Aguilera (Expanded Edition),Christina Aguilera,6fpPZS13ImRVpr7Tqs6yP9
47,Where We Belong,Boyzone,0tjhK9DQNlv4WdqBSb3Iri
48,Greatest Hits,The Cure,205LG0IrbaOolKboMwffiV
49,Daydream,Mariah Carey,1ibYM4abQtSVQFQWvDSo4J
50,Falling Into You,Céline Dion,55UPmpHLvZKGgTPUD1woES
51,The Long Road Back,Peter Andre,5SzHkxYKPIK4LcGaJrgnNU
52,Keep The Faith,Bon Jovi,2FbviTPUjgJJUxsGM1sGDq
53,Extreme II - Pornograffitti,Extreme,7DKHQxJTI32UyCdDdGwvRC
54,All Saints,All Saints,73aw7T2ZpoDvcPe2uSlWxF
55,Rise,Gabrielle,2KOwfgyufhsAO3Qaycw7sX
56,Truly Madly Completely - The Best of Savage Garden,Savage Garden,5S4ycMpNlcTpLaO7u6mkkb
57,Everything Changes,Take That,602GFhC2XWPK8WeeaTUysX
58,Music Box,Mariah Carey,2NKxb7pk04CuZab5udkGUl
59,It Must Have Been Love,Roxette,3dWX1xFUaalRlaaVpe4EPF
60,Stars Collectors Edition,Simply Red,2WOo1KEogmN7MdDMjVCusC
61,Greatest Hits,Eternal,7DnqVGLeNaWKsTmDT4PEui
62,The Velvet Rope,Janet Jackson,6ZANEjETQ9L9pjBuvOAhCQ
63,Promises And Lies,UB40,0B0RuH2PSWoEkIvi75xY5d
64,Cooleyhighharmony (Bonus Tracks Version),Boyz II Men,3jknvlUSe6D9Oyn2E3JBLO
65,King of Mambo,Lou Bega,2ZYW7Gnq62sNuZi1hDqgwC
66,#1 to Infinity,Mariah Carey,3FSCbVL6dGzqkHwn7LYqxK
67,Love Always,K-Ci & JoJo,5cmtcMzuUZq8vxS5T7NVPu
68,The Best Of 1980 - 1990,U2,63H9TkIAOEmgFAIlhLcBHb
69,Twenty Four Seven,Tina Turner,4cJ5qo8hbiK3Tmign9vzUh
70,Platinum And Gold,Ace of Base,3byIaI0I4GvEqhhlYoR0Wf
71,Listen Without Prejudice / MTV Unplugged (Deluxe),George Michael,0ZeOyoJHPD6czbTPAT9Qaj
72,16 Biggest Hits,Lonestar,2JZvVC4RftWDbyhEFfpATZ
73,Bat Out Of Hell II: Back Into Hell,Meat Loaf,2frbTcZJoMRuAbeXpuOx0Z
74,Maybe You've Been Brainwashed Too,New Radicals,13btXEnBerpA1UjIVtsMAR
75,Woodface,Crowded House,1QSoW668F9DVj8Rk9azF7h
76,End Of Part One (Their Greatest Hits),Wet Wet Wet,05V9FJZOsE498ehrRqt0qk
77,Heart In Motion,Amy Grant,6YbWlg2x8aIHASDTunWF8H
78,Crazysexycool,TLC,5eg56dCpFn32neJak2vk0f
79,"Bigger, Better, Faster, More !",4 Non Blondes,7oqXnxR9Xg9Okhs17hL9aS
80,Dangerous,Michael Jackson,0oX4SealMgNXrvRDhqqOKg
81,Sixpence None the Richer,Sixpence None The Richer,0PrcwzkQVEy4y6JPvT5bix
82,Finally,CeCe Peniston,3REpPYjJhtaeJc4Mo1v4Ip
83,Ladies And Gentlemen... The Best Of George Michael,George Michael,3coLNlyStg9h7f8CZ103Rl
